"","ACC_CNV","ACC_Methy","ACC_miRNA","ACC_mRNA","ACC_multi","BRCA_CNV","BRCA_Methy","BRCA_miRNA","BRCA_mRNA","BRCA_multi","COAD_CNV","COAD_Methy","COAD_miRNA","COAD_mRNA","COAD_multi","KIRC_CNV","KIRC_Methy","KIRC_miRNA","KIRC_mRNA","KIRC_multi","KIRP_CNV","KIRP_Methy","KIRP_miRNA","KIRP_mRNA","KIRP_multi","LIHC_CNV","LIHC_Methy","LIHC_miRNA","LIHC_mRNA","LIHC_multi","LUAD_CNV","LUAD_Methy","LUAD_miRNA","LUAD_mRNA","LUAD_multi","LUSC_CNV","LUSC_Methy","LUSC_miRNA","LUSC_mRNA","LUSC_multi"
"mean",0.950589601081999,0.962837297744574,0.963269653191666,0.956288093096605,0.958724314836507,0.997012918728796,0.99791537802583,0.997734293753812,0.996246878271973,0.997080478282639,0.992283739161109,0.99759629655616,0.995579493584145,0.996067014017226,0.9956207572859,0.99466409587281,0.989151098060532,0.985366666683324,0.981913062582266,0.988572768033467,0.985491094967405,0.989888979344744,0.996414409555595,0.996751883190153,0.991905417792948,0.996111229847603,0.997332419965793,0.998170474246028,0.997784221889199,0.997103263959484,0.995644249522721,0.997146750901535,0.994604273650588,0.989826852634913,0.994488378977022,0.996421725496748,0.997219138745197,0.996553797334778,0.995598697748075,0.99641831408173
"sd",0.0436818431617387,0.0469632520327105,0.0470115380854532,0.0548001534847345,0.0502676609841757,0.00379483799857714,0.00273973382209359,0.00309518118751655,0.00408612928107489,0.00363529777143621,0.00570808383895949,0.00339240755998825,0.00549783774551136,0.00515364989186336,0.00521548471735867,0.00743017578665323,0.0152878799952778,0.0178810470131684,0.0197984122944754,0.0159341508159623,0.014421534560329,0.0150101414310905,0.00471796721252592,0.00459505413544738,0.0124609053655559,0.00497579035354064,0.00421594553006194,0.00267511169653273,0.0029682505614665,0.00416830190225594,0.00498445106541015,0.00371826053496975,0.00715297578365976,0.0113805868738714,0.00762525940272228,0.00365929264843587,0.00401554888988656,0.00410752300178476,0.00565724570374562,0.00443952179412043
