"","ACC_CNV","ACC_Methy","ACC_miRNA","ACC_mRNA","ACC_multi","BRCA_CNV","BRCA_Methy","BRCA_miRNA","BRCA_mRNA","BRCA_multi","COAD_CNV","COAD_Methy","COAD_miRNA","COAD_mRNA","COAD_multi","KIRC_CNV","KIRC_Methy","KIRC_miRNA","KIRC_mRNA","KIRC_multi","KIRP_CNV","KIRP_Methy","KIRP_miRNA","KIRP_mRNA","KIRP_multi","LIHC_CNV","LIHC_Methy","LIHC_miRNA","LIHC_mRNA","LIHC_multi","LUAD_CNV","LUAD_Methy","LUAD_miRNA","LUAD_mRNA","LUAD_multi","LUSC_CNV","LUSC_Methy","LUSC_miRNA","LUSC_mRNA","LUSC_multi"
"No",1.02155802020097e-35,6.25472125533263e-23,3.82718281558625e-13,6.91059029036228e-55,1.68991690828251e-124,5.93671649377255e-34,2.17961006299729e-06,0.132911376549556,5.55614501416947e-08,9.5556633793923e-48,3.74565777653853e-60,9.99548204240414e-14,0.00648899091990357,1.34677645057526e-17,3.27193388089503e-92,5.70384551300971e-124,7.60125754476804e-39,6.40218669671278e-10,3.02947498930264e-43,8.40908820224957e-214,7.97578776908978e-17,1.87736113030069e-12,0.0237985640737036,1.44642532882097e-12,5.15428208639849e-42,4.2882480591607e-61,8.12787019797277e-17,0.00185270077633751,3.81251489995789e-24,2.46191748166543e-103,1.64931743076072e-153,8.63872366688953e-23,9.64551660973683e-05,4.69147426068463e-26,6.44746008445106e-205,2.90758972759325e-97,3.79271347943116e-27,2.93775453371655e-05,7.90143100681413e-33,2.55979047362189e-160
"Yes",1.42503142030019e-49,8.94254463466728e-150,5.18617661622978e-25,3.11261356879985e-322,0,0,8.11443599313766e-151,5.07186004508767e-27,9.2162181759788e-238,0,5.59282323005888e-193,3.83673426939989e-122,2.26461764372608e-26,1.52325936806908e-212,0,2.63394387771166e-188,1.06926925121253e-171,2.2403975233563e-13,7.67989706595367e-158,0,1.87458373448117e-168,7.79196952867229e-258,5.27710932196205e-27,3.66630280797496e-247,0,7.0997373647115e-165,3.5187906770458e-44,1.68995925787443e-13,4.19384157581465e-121,0,0,1.06384079996471e-93,7.55007442619406e-13,1.2080978343917e-127,0,0,2.08663442311557e-122,8.25405443838266e-12,1.74693253559362e-103,0
