"","ACC_CNV","ACC_Methy","ACC_miRNA","ACC_mRNA","ACC_multi","BRCA_CNV","BRCA_Methy","BRCA_miRNA","BRCA_mRNA","BRCA_multi","COAD_CNV","COAD_Methy","COAD_miRNA","COAD_mRNA","COAD_multi","KIRC_CNV","KIRC_Methy","KIRC_miRNA","KIRC_mRNA","KIRC_multi","KIRP_CNV","KIRP_Methy","KIRP_miRNA","KIRP_mRNA","KIRP_multi","LIHC_CNV","LIHC_Methy","LIHC_miRNA","LIHC_mRNA","LIHC_multi","LUAD_CNV","LUAD_Methy","LUAD_miRNA","LUAD_mRNA","LUAD_multi","LUSC_CNV","LUSC_Methy","LUSC_miRNA","LUSC_mRNA","LUSC_multi"
"No",0.647058823529412,0.647058823529412,0.705882352941176,0.647058823529412,0.647058823529412,0.938775510204082,0.938775510204082,0.959183673469388,0.918367346938776,0.918367346938776,0.916666666666667,0.895833333333333,0.9375,0.875,0.875,0.911764705882353,0.897058823529412,0.897058823529412,0.852941176470588,0.852941176470588,0.88,0.84,0.92,0.84,0.84,0.940594059405941,0.910891089108911,0.95049504950495,0.940594059405941,0.910891089108911,0.948275862068966,0.913793103448276,0.939655172413793,0.939655172413793,0.913793103448276,0.953703703703704,0.944444444444444,0.925925925925926,0.925925925925926,0.925925925925926
"Yes",0.6,0.316666666666667,0.466666666666667,0.283333333333333,0.283333333333333,0.891089108910891,0.755304101838755,0.794908062234795,0.818953323903819,0.755304101838755,0.821576763485477,0.817427385892116,0.79253112033195,0.775933609958506,0.775933609958506,0.920502092050209,0.824267782426778,0.907949790794979,0.728033472803347,0.728033472803347,0.792682926829268,0.670731707317073,0.711382113821138,0.630081300813008,0.630081300813008,0.935361216730038,0.920152091254753,0.901140684410646,0.893536121673004,0.893536121673004,0.929878048780488,0.923780487804878,0.86280487804878,0.878048780487805,0.86280487804878,0.91869918699187,0.878048780487805,0.91869918699187,0.914634146341463,0.878048780487805
