"","F2_partial","F3_partial","F4_partial","N1_partial","N2_partial","N3_partial","N4_partial","T1_partial","L1_partial","L2_partial","L3_partial"
"No",3.74565777653853e-60,0.916666666666667,0.916666666666667,0.24896265560166,0.530355453053,0.875,0.231833910034602,1,0,0,0
"Yes",5.59282323005888e-193,0.821576763485477,0.821576763485477,0.916666666666667,0.451466635248442,0.12448132780083,0.0346020761245675,0.721991701244813,0,0,0
