"","F2_partial","F3_partial","F4_partial","N1_partial","N2_partial","N3_partial","N4_partial","T1_partial","L1_partial","L2_partial","L3_partial"
"No",9.99548204240414e-14,0.895833333333333,0.895833333333333,0.269709543568465,0.520241737390063,0.916666666666667,0.0311418685121107,1,0,0,0
"Yes",3.83673426939989e-122,0.817427385892116,0.817427385892116,0.9375,0.481935360397485,0.132780082987552,0.00346020761245675,1,0,0,0
