"","F2_partial","F3_partial","F4_partial","N1_partial","N2_partial","N3_partial","N4_partial","T1_partial","L1_partial","L2_partial","L3_partial"
"No",2.46191748166543e-103,0.910891089108911,0.910891089108911,0.391634980988593,0.511028773589969,0.732673267326733,0.0192307692307692,1,0,0,0
"Yes",0,0.893536121673004,0.893536121673004,0.792079207920792,0.486535933334161,0.23574144486692,0.010989010989011,1,0,0,0
