"","F2_partial","F3_partial","F4_partial","N1_partial","N2_partial","N3_partial","N4_partial","T1_partial","L1_partial","L2_partial","L3_partial"
"No",2.55979047362189e-160,0.925925925925926,0.925925925925926,0.414634146341463,0.509397489705283,0.768518518518518,0,1,0,0,0
"Yes",0,0.878048780487805,0.878048780487805,0.833333333333333,0.490654292554846,0.252032520325203,0,1,0,0,0
