"","F2_partial","F3_partial","F4_partial","N1_partial","N2_partial","N3_partial","N4_partial","T1_partial","L1_partial","L2_partial","L3_partial"
"No",5.70384551300971e-124,0.911764705882353,0.911764705882353,0.334728033472803,0.529160654040309,0.75,0.228013029315961,0.985294117647059,0,0,0
"Yes",2.63394387771166e-188,0.920502092050209,0.920502092050209,0.838235294117647,0.445067556236296,0.188284518828452,0.0684039087947883,0.644351464435146,0,0,0
