"","F2_partial","F3_partial","F4_partial","N1_partial","N2_partial","N3_partial","N4_partial","T1_partial","L1_partial","L2_partial","L3_partial"
"No",1.87736113030069e-12,0.84,0.84,0.101626016260163,0.520064983735274,0.84,0.011070110701107,1,0,0,0
"Yes",7.79196952867229e-258,0.670731707317073,0.670731707317073,0.92,0.463689671271834,0.0365853658536585,0,1,0,0,0
