"","F2_partial","F3_partial","F4_partial","N1_partial","N2_partial","N3_partial","N4_partial","T1_partial","L1_partial","L2_partial","L3_partial"
"No",1.34677645057526e-17,0.875,0.875,0.37344398340249,0.515064148443968,0.75,0.0207612456747405,1,0,0,0
"Yes",1.52325936806908e-212,0.775933609958506,0.775933609958506,0.8125,0.487292555502318,0.307053941908714,0.0207612456747405,0.966804979253112,0,0,0
