"","F2_partial","F3_partial","F4_partial","N1_partial","N2_partial","N3_partial","N4_partial","T1_partial","L1_partial","L2_partial","L3_partial"
"No",5.15428208639849e-42,0.84,0.84,0.130081300813008,0.521078987001163,0.84,0.003690036900369,1,0,0,0
"Yes",0,0.630081300813008,0.630081300813008,0.88,0.464808218753586,0.0609756097560976,0,0.995934959349594,0,0,0
