"","F2_partial","F3_partial","F4_partial","N1_partial","N2_partial","N3_partial","N4_partial","T1_partial","L1_partial","L2_partial","L3_partial"
"No",0.00185270077633751,0.95049504950495,0.95049504950495,0.418250950570342,0.508245920060289,0.683168316831683,0,1,0.174743215603544,0.118811881188119,0.137362637362637
"Yes",1.68995925787443e-13,0.901140684410646,0.901140684410646,0.811881188118812,0.490493129184149,0.296577946768061,0,1,0.0212403180551519,0.0152091254752852,0.00549450549450547
