"","F2_partial","F3_partial","F4_partial","N1_partial","N2_partial","N3_partial","N4_partial","T1_partial","L1_partial","L2_partial","L3_partial"
"No",5.55614501416947e-08,0.918367346938776,0.918367346938776,0.0905233380480905,0.527201996055389,0.897959183673469,0.0171957671957672,1,0,0,0
"Yes",9.2162181759788e-238,0.818953323903819,0.818953323903819,0.959183673469388,0.466190860081851,0.041018387553041,0.00264550264550265,0.998585572842999,0,0,0
