"","F2_partial","F3_partial","F4_partial","N1_partial","N2_partial","N3_partial","N4_partial","T1_partial","L1_partial","L2_partial","L3_partial"
"No",7.60125754476804e-39,0.897058823529412,0.897058823529412,0.251046025104602,0.505402945070059,0.588235294117647,0.00651465798045603,1,0,0,0
"Yes",1.06926925121253e-171,0.824267782426778,0.824267782426778,0.676470588235294,0.481223013531031,0.158995815899582,0.00325732899022801,1,0,0,0
