"","F2_partial","F3_partial","F4_partial","N1_partial","N2_partial","N3_partial","N4_partial","T1_partial","L1_partial","L2_partial","L3_partial"
"No",3.02947498930264e-43,0.852941176470588,0.852941176470588,0.280334728033473,0.513811535503482,0.735294117647059,0.0390879478827362,1,0,0,0
"Yes",7.67989706595367e-158,0.728033472803347,0.728033472803347,0.808823529411765,0.470381743247461,0.138075313807531,0,0.98744769874477,0,0,0
