"","F2_partial","F3_partial","F4_partial","N1_partial","N2_partial","N3_partial","N4_partial","T1_partial","L1_partial","L2_partial","L3_partial"
"No",0.00648899091990357,0.9375,0.9375,0.261410788381743,0.514684962373749,0.833333333333333,0.027681660899654,1,0,0,0
"Yes",2.26461764372608e-26,0.79253112033195,0.79253112033195,0.854166666666667,0.480561172815124,0.178423236514523,0.00346020761245675,0.979253112033195,0,0,0
