"","F2_partial","F3_partial","F4_partial","N1_partial","N2_partial","N3_partial","N4_partial","T1_partial","L1_partial","L2_partial","L3_partial"
"No",4.2882480591607e-61,0.940594059405941,0.940594059405941,0.365019011406844,0.524473316412605,0.663366336633663,0.134615384615385,1,0,0,0
"Yes",7.0997373647115e-165,0.935361216730038,0.935361216730038,0.841584158415842,0.467793114240246,0.224334600760456,0.0604395604395604,0.718631178707224,0,0,0
