"","F2_partial","F3_partial","F4_partial","N1_partial","N2_partial","N3_partial","N4_partial","T1_partial","L1_partial","L2_partial","L3_partial"
"No",1.02155802020097e-35,0.647058823529412,0.647058823529412,0.25,0.534017207761057,0.705882352941177,0.285714285714286,0.823529411764706,0,0,0
"Yes",1.42503142030019e-49,0.6,0.6,0.823529411764706,0.352665499429899,0.0666666666666667,0.0649350649350649,0.45,0,0,0
