"","F2_partial","F3_partial","F4_partial","N1_partial","N2_partial","N3_partial","N4_partial","T1_partial","L1_partial","L2_partial","L3_partial"
"No",7.90143100681413e-33,0.925925925925926,0.925925925925926,0.434959349593496,0.510829174135089,0.805555555555556,0.00282485875706215,1,0,0,0
"Yes",1.74693253559362e-103,0.914634146341463,0.914634146341463,0.824074074074074,0.491265318457506,0.268292682926829,0,1,0,0,0
