"","F2_partial","F3_partial","F4_partial","N1_partial","N2_partial","N3_partial","N4_partial","T1_partial","L1_partial","L2_partial","L3_partial"
"No",8.63872366688953e-23,0.913793103448276,0.913793103448276,0.38719512195122,0.513714332063963,0.71551724137931,0.0585585585585586,1,0,0,0
"Yes",1.06384079996471e-93,0.923780487804878,0.923780487804878,0.844827586206897,0.482734734297664,0.213414634146341,0.0045045045045045,1,0,0,0
