"","F2_partial","F3_partial","F4_partial","N1_partial","N2_partial","N3_partial","N4_partial","T1_partial","L1_partial","L2_partial","L3_partial"
"No",3.81251489995789e-24,0.940594059405941,0.940594059405941,0.513307984790874,0.51165549449707,0.722772277227723,0.0137362637362637,1,0,0,0
"Yes",4.19384157581465e-121,0.893536121673004,0.893536121673004,0.821782178217822,0.494754324343712,0.399239543726236,0.00549450549450549,1,0,0,0
