"","F2_partial","F3_partial","F4_partial","N1_partial","N2_partial","N3_partial","N4_partial","T1_partial","L1_partial","L2_partial","L3_partial"
"No",8.40908820224957e-214,0.852941176470588,0.852941176470588,0.297071129707113,0.506531667717384,0.602941176470588,0.00325732899022801,1,0,0,0
"Yes",0,0.728033472803347,0.728033472803347,0.720588235294118,0.475464838970573,0.133891213389121,0.00325732899022801,1,0,0,0
