"","F2_partial","F3_partial","F4_partial","N1_partial","N2_partial","N3_partial","N4_partial","T1_partial","L1_partial","L2_partial","L3_partial"
"No",7.97578776908978e-17,0.88,0.88,0.150406504065041,0.586665193887132,0.88,0.357933579335793,1,0.123187296496196,0.16,0.132841328413284
"Yes",1.87458373448117e-168,0.792682926829268,0.792682926829268,0.92,0.372581768871358,0.0691056910569106,0.033210332103321,0.300813008130081,0,0,0
