"","F2_partial","F3_partial","F4_partial","N1_partial","N2_partial","N3_partial","N4_partial","T1_partial","L1_partial","L2_partial","L3_partial"
"No",2.17961006299729e-06,0.938775510204082,0.938775510204082,0.0961810466760962,0.523671393920819,0.897959183673469,0.0462962962962963,1,0,0,0
"Yes",8.11443599313766e-151,0.755304101838755,0.755304101838755,0.959183673469388,0.467665243144935,0.0424328147100424,0.00396825396825397,0.984441301272984,0,0,0
