"","F2_partial","F3_partial","F4_partial","N1_partial","N2_partial","N3_partial","N4_partial","T1_partial","L1_partial","L2_partial","L3_partial"
"No",1.44642532882097e-12,0.84,0.84,0.142276422764228,0.530957225169847,0.84,0.03690036900369,1,0,0,0
"Yes",3.66630280797496e-247,0.630081300813008,0.630081300813008,0.88,0.464075958810351,0.0813008130081301,0.003690036900369,0.963414634146341,0,0,0
