"","F2_partial","F3_partial","F4_partial","N1_partial","N2_partial","N3_partial","N4_partial","T1_partial","L1_partial","L2_partial","L3_partial"
"No",6.25472125533263e-23,0.647058823529412,0.647058823529412,0.3,0.516133660146788,0.882352941176471,0,1,0,0,0
"Yes",8.94254463466728e-150,0.316666666666667,0.316666666666667,0.941176470588235,0.465270058275971,0.133333333333333,0,1,0,0,0
