"","F2_partial","F3_partial","F4_partial","N1_partial","N2_partial","N3_partial","N4_partial","T1_partial","L1_partial","L2_partial","L3_partial"
"No",4.69147426068463e-26,0.939655172413793,0.939655172413793,0.371951219512195,0.506128753462314,0.612068965517241,0.00225225225225225,1,0,0,0
"Yes",1.2080978343917e-127,0.878048780487805,0.878048780487805,0.767241379310345,0.487016386433737,0.25609756097561,0.0045045045045045,1,0,0,0
