"","F2_partial","F3_partial","F4_partial","N1_partial","N2_partial","N3_partial","N4_partial","T1_partial","L1_partial","L2_partial","L3_partial"
"No",1.68991690828251e-124,0.647058823529412,0.647058823529412,0.216666666666667,0.504275065188039,0.529411764705882,0,1,0,0,0
"Yes",0,0.283333333333333,0.283333333333333,0.764705882352941,0.447364181291395,0.1,0,0.95,0,0,0
