"","F2_partial","F3_partial","F4_partial","N1_partial","N2_partial","N3_partial","N4_partial","T1_partial","L1_partial","L2_partial","L3_partial"
"No",2.93775453371655e-05,0.925925925925926,0.925925925925926,0.390243902439024,0.508345538242603,0.712962962962963,0.00564971751412429,1,0.0968614400198239,0.0833333333333334,0.056497175141243
"Yes",8.25405443838266e-12,0.91869918699187,0.91869918699187,0.777777777777778,0.489637250387199,0.239837398373984,0.00282485875706215,1,0.00882875023684415,0.00406504065040647,0
