"","F2_partial","F3_partial","F4_partial","N1_partial","N2_partial","N3_partial","N4_partial","T1_partial","L1_partial","L2_partial","L3_partial"
"No",8.12787019797277e-17,0.910891089108911,0.910891089108911,0.380228136882129,0.511932468516936,0.742574257425743,0.123626373626374,1,0,0,0
"Yes",3.5187906770458e-44,0.920152091254753,0.920152091254753,0.831683168316832,0.485314922000999,0.220532319391635,0.0412087912087912,0.992395437262357,0,0,0
