"","F2_partial","F3_partial","F4_partial","N1_partial","N2_partial","N3_partial","N4_partial","T1_partial","L1_partial","L2_partial","L3_partial"
"No",3.79271347943116e-27,0.944444444444444,0.944444444444444,0.447154471544715,0.509159359520269,0.666666666666667,0.0141242937853107,1,0,0,0
"Yes",2.08663442311557e-122,0.878048780487805,0.878048780487805,0.833333333333333,0.489325644503834,0.276422764227642,0.0141242937853107,1,0,0,0
