"","F2_partial","F3_partial","F4_partial","N1_partial","N2_partial","N3_partial","N4_partial","T1_partial","L1_partial","L2_partial","L3_partial"
"No",6.40218669671278e-10,0.897058823529412,0.897058823529412,0.313807531380753,0.511321006306535,0.720588235294118,0.00651465798045603,1,0,0,0
"Yes",2.2403975233563e-13,0.907949790794979,0.907949790794979,0.823529411764706,0.481499525844303,0.192468619246862,0,1,0,0,0
