"","F2_partial","F3_partial","F4_partial","N1_partial","N2_partial","N3_partial","N4_partial","T1_partial","L1_partial","L2_partial","L3_partial"
"No",0.132911376549556,0.959183673469388,0.959183673469388,0.0947666195190948,0.527937477349318,0.938775510204082,0.0224867724867725,1,0.0268783199391254,0.0204081632653061,0.0304232804232805
"Yes",5.07186004508767e-27,0.794908062234795,0.794908062234795,0.938775510204082,0.468629061734427,0.0438472418670438,0,1,0,0,0
