"","F2_partial","F3_partial","F4_partial","N1_partial","N2_partial","N3_partial","N4_partial","T1_partial","L1_partial","L2_partial","L3_partial"
"No",3.82718281558625e-13,0.705882352941176,0.705882352941176,0.2,0.517606735397187,0.882352941176471,0,1,0,0,0
"Yes",5.18617661622978e-25,0.466666666666667,0.466666666666667,0.882352941176471,0.45227837861796,0.0666666666666667,0,1,0,0,0
