"","F2_partial","F3_partial","F4_partial","N1_partial","N2_partial","N3_partial","N4_partial","T1_partial","L1_partial","L2_partial","L3_partial"
"No",3.27193388089503e-92,0.875,0.875,0.20746887966805,0.516101023770847,0.770833333333333,0,1,0,0,0
"Yes",0,0.775933609958506,0.775933609958506,0.875,0.479716974748194,0.107883817427386,0,1,0,0,0
