"","F2_partial","F3_partial","F4_partial","N1_partial","N2_partial","N3_partial","N4_partial","T1_partial","L1_partial","L2_partial","L3_partial"
"No",0.0237985640737036,0.92,0.92,0.138211382113821,0.525865859240284,0.84,0,1,0,0,0
"Yes",5.27710932196205e-27,0.711382113821138,0.711382113821138,0.92,0.473537426894563,0.0772357723577236,0,0.995934959349594,0,0,0
