"","F2_partial","F3_partial","F4_partial","N1_partial","N2_partial","N3_partial","N4_partial","T1_partial","L1_partial","L2_partial","L3_partial"
"No",6.91059029036228e-55,0.647058823529412,0.647058823529412,0.183333333333333,0.50014472583373,0.352941176470588,0,1,0,0,0
"Yes",3.11261356879985e-322,0.283333333333333,0.283333333333333,0.529411764705882,0.437589974839431,0.116666666666667,0,0.833333333333333,0,0,0
