"","F2_partial","F3_partial","F4_partial","N1_partial","N2_partial","N3_partial","N4_partial","T1_partial","L1_partial","L2_partial","L3_partial"
"No",2.90758972759325e-97,0.953703703703704,0.953703703703704,0.459349593495935,0.513525766907087,0.740740740740741,0.115819209039548,1,0,0,0
"Yes",0,0.91869918699187,0.91869918699187,0.833333333333333,0.487653830223806,0.32520325203252,0.0649717514124294,0.963414634146341,0,0,0
