"","F2_partial","F3_partial","F4_partial","N1_partial","N2_partial","N3_partial","N4_partial","T1_partial","L1_partial","L2_partial","L3_partial"
"No",9.5556633793923e-48,0.918367346938776,0.918367346938776,0.0777934936350778,0.52446634735957,0.918367346938776,0.00264550264550265,1,0,0,0
"Yes",0,0.755304101838755,0.755304101838755,0.938775510204082,0.469400727969206,0.0226308345120226,0,0.995756718528996,0,0,0
