"","F2_partial","F3_partial","F4_partial","N1_partial","N2_partial","N3_partial","N4_partial","T1_partial","L1_partial","L2_partial","L3_partial"
"No",5.93671649377255e-34,0.938775510204082,0.938775510204082,0.0933521923620934,0.54263552825339,0.959183673469388,0.169312169312169,1,0,0,0
"Yes",0,0.891089108910891,0.891089108910891,0.959183673469388,0.449594344103793,0.0367751060820368,0.00396825396825397,0.538896746817539,0,0,0
