"","F2_partial","F3_partial","F4_partial","N1_partial","N2_partial","N3_partial","N4_partial","T1_partial","L1_partial","L2_partial","L3_partial"
"No",1.64931743076072e-153,0.948275862068966,0.948275862068966,0.341463414634146,0.517620314156653,0.758620689655172,0.128378378378378,1,0,0,0
"Yes",0,0.929878048780488,0.929878048780488,0.844827586206897,0.476134591209888,0.182926829268293,0.0382882882882883,0.908536585365854,0,0,0
