"","F2_partial","F3_partial","F4_partial","N1_partial","N2_partial","N3_partial","N4_partial","T1_partial","L1_partial","L2_partial","L3_partial"
"No",6.44746008445106e-205,0.913793103448276,0.913793103448276,0.356707317073171,0.50902665017959,0.71551724137931,0.00675675675675676,1,0,0,0
"Yes",0,0.86280487804878,0.86280487804878,0.793103448275862,0.483818241406453,0.195121951219512,0,0.99390243902439,0,0,0
