"","ACC_CNV","ACC_Methy","ACC_miRNA","ACC_mRNA","ACC_multi","BRCA_CNV","BRCA_Methy","BRCA_miRNA","BRCA_mRNA","BRCA_multi","COAD_CNV","COAD_Methy","COAD_miRNA","COAD_mRNA","COAD_multi","KIRC_CNV","KIRC_Methy","KIRC_miRNA","KIRC_mRNA","KIRC_multi","KIRP_CNV","KIRP_Methy","KIRP_miRNA","KIRP_mRNA","KIRP_multi","LIHC_CNV","LIHC_Methy","LIHC_miRNA","LIHC_mRNA","LIHC_multi","LUAD_CNV","LUAD_Methy","LUAD_miRNA","LUAD_mRNA","LUAD_multi","LUSC_CNV","LUSC_Methy","LUSC_miRNA","LUSC_mRNA","LUSC_multi"
"No",0.25,0.3,0.2,0.183333333333333,0.216666666666667,0.0933521923620934,0.0961810466760962,0.0947666195190948,0.0905233380480905,0.0777934936350778,0.24896265560166,0.269709543568465,0.261410788381743,0.37344398340249,0.20746887966805,0.334728033472803,0.251046025104602,0.313807531380753,0.280334728033473,0.297071129707113,0.150406504065041,0.101626016260163,0.138211382113821,0.142276422764228,0.130081300813008,0.365019011406844,0.380228136882129,0.418250950570342,0.513307984790874,0.391634980988593,0.341463414634146,0.38719512195122,0.432926829268293,0.371951219512195,0.356707317073171,0.459349593495935,0.447154471544715,0.390243902439024,0.434959349593496,0.414634146341463
"Yes",0.823529411764706,0.941176470588235,0.882352941176471,0.529411764705882,0.764705882352941,0.959183673469388,0.959183673469388,0.938775510204082,0.959183673469388,0.938775510204082,0.916666666666667,0.9375,0.854166666666667,0.8125,0.875,0.838235294117647,0.676470588235294,0.823529411764706,0.808823529411765,0.720588235294118,0.92,0.92,0.92,0.88,0.88,0.841584158415842,0.831683168316832,0.811881188118812,0.821782178217822,0.792079207920792,0.844827586206897,0.844827586206897,0.836206896551724,0.767241379310345,0.793103448275862,0.833333333333333,0.833333333333333,0.777777777777778,0.824074074074074,0.833333333333333
