"","ACC_CNV","ACC_Methy","ACC_miRNA","ACC_mRNA","ACC_multi","BRCA_CNV","BRCA_Methy","BRCA_miRNA","BRCA_mRNA","BRCA_multi","COAD_CNV","COAD_Methy","COAD_miRNA","COAD_mRNA","COAD_multi","KIRC_CNV","KIRC_Methy","KIRC_miRNA","KIRC_mRNA","KIRC_multi","KIRP_CNV","KIRP_Methy","KIRP_miRNA","KIRP_mRNA","KIRP_multi","LIHC_CNV","LIHC_Methy","LIHC_miRNA","LIHC_mRNA","LIHC_multi","LUAD_CNV","LUAD_Methy","LUAD_miRNA","LUAD_mRNA","LUAD_multi","LUSC_CNV","LUSC_Methy","LUSC_miRNA","LUSC_mRNA","LUSC_multi"
"No",0.534017207761057,0.516133660146788,0.517606735397187,0.50014472583373,0.504275065188039,0.54263552825339,0.523671393920819,0.527937477349318,0.527201996055389,0.52446634735957,0.530355453053,0.520241737390063,0.514684962373749,0.515064148443968,0.516101023770847,0.529160654040309,0.505402945070059,0.511321006306535,0.513811535503482,0.506531667717384,0.586665193887132,0.520064983735274,0.525865859240284,0.530957225169847,0.521078987001163,0.524473316412605,0.511932468516936,0.508245920060289,0.51165549449707,0.511028773589969,0.517620314156653,0.513714332063963,0.506941927008339,0.506128753462314,0.50902665017959,0.513525766907087,0.509159359520269,0.508345538242603,0.510829174135089,0.509397489705283
"Yes",0.352665499429899,0.465270058275971,0.45227837861796,0.437589974839431,0.447364181291395,0.449594344103793,0.467665243144935,0.468629061734427,0.466190860081851,0.469400727969206,0.451466635248442,0.481935360397485,0.480561172815124,0.487292555502318,0.479716974748194,0.445067556236296,0.481223013531031,0.481499525844303,0.470381743247461,0.475464838970573,0.372581768871358,0.463689671271834,0.473537426894563,0.464075958810351,0.464808218753586,0.467793114240246,0.485314922000999,0.490493129184149,0.494754324343712,0.486535933334161,0.476134591209888,0.482734734297664,0.488474369221056,0.487016386433737,0.483818241406453,0.487653830223806,0.489325644503834,0.489637250387199,0.491265318457506,0.490654292554846
