"","ACC_CNV","ACC_Methy","ACC_miRNA","ACC_mRNA","ACC_multi","BRCA_CNV","BRCA_Methy","BRCA_miRNA","BRCA_mRNA","BRCA_multi","COAD_CNV","COAD_Methy","COAD_miRNA","COAD_mRNA","COAD_multi","KIRC_CNV","KIRC_Methy","KIRC_miRNA","KIRC_mRNA","KIRC_multi","KIRP_CNV","KIRP_Methy","KIRP_miRNA","KIRP_mRNA","KIRP_multi","LIHC_CNV","LIHC_Methy","LIHC_miRNA","LIHC_mRNA","LIHC_multi","LUAD_CNV","LUAD_Methy","LUAD_miRNA","LUAD_mRNA","LUAD_multi","LUSC_CNV","LUSC_Methy","LUSC_miRNA","LUSC_mRNA","LUSC_multi"
"No",0.705882352941177,0.882352941176471,0.882352941176471,0.352941176470588,0.529411764705882,0.959183673469388,0.897959183673469,0.938775510204082,0.897959183673469,0.918367346938776,0.875,0.916666666666667,0.833333333333333,0.75,0.770833333333333,0.75,0.588235294117647,0.720588235294118,0.735294117647059,0.602941176470588,0.88,0.84,0.84,0.84,0.84,0.663366336633663,0.742574257425743,0.683168316831683,0.722772277227723,0.732673267326733,0.758620689655172,0.71551724137931,0.698275862068966,0.612068965517241,0.71551724137931,0.740740740740741,0.666666666666667,0.712962962962963,0.805555555555556,0.768518518518518
"Yes",0.0666666666666667,0.133333333333333,0.0666666666666667,0.116666666666667,0.1,0.0367751060820368,0.0424328147100424,0.0438472418670438,0.041018387553041,0.0226308345120226,0.12448132780083,0.132780082987552,0.178423236514523,0.307053941908714,0.107883817427386,0.188284518828452,0.158995815899582,0.192468619246862,0.138075313807531,0.133891213389121,0.0691056910569106,0.0365853658536585,0.0772357723577236,0.0813008130081301,0.0609756097560976,0.224334600760456,0.220532319391635,0.296577946768061,0.399239543726236,0.23574144486692,0.182926829268293,0.213414634146341,0.289634146341463,0.25609756097561,0.195121951219512,0.32520325203252,0.276422764227642,0.239837398373984,0.268292682926829,0.252032520325203
