"","ACC_CNV","ACC_Methy","ACC_miRNA","ACC_mRNA","ACC_multi","BRCA_CNV","BRCA_Methy","BRCA_miRNA","BRCA_mRNA","BRCA_multi","COAD_CNV","COAD_Methy","COAD_miRNA","COAD_mRNA","COAD_multi","KIRC_CNV","KIRC_Methy","KIRC_miRNA","KIRC_mRNA","KIRC_multi","KIRP_CNV","KIRP_Methy","KIRP_miRNA","KIRP_mRNA","KIRP_multi","LIHC_CNV","LIHC_Methy","LIHC_miRNA","LIHC_mRNA","LIHC_multi","LUAD_CNV","LUAD_Methy","LUAD_miRNA","LUAD_mRNA","LUAD_multi","LUSC_CNV","LUSC_Methy","LUSC_miRNA","LUSC_mRNA","LUSC_multi"
"No",0.285714285714286,0,0,0,0,0.169312169312169,0.0462962962962963,0.0224867724867725,0.0171957671957672,0.00264550264550265,0.231833910034602,0.0311418685121107,0.027681660899654,0.0207612456747405,0,0.228013029315961,0.00651465798045603,0.00651465798045603,0.0390879478827362,0.00325732899022801,0.357933579335793,0.011070110701107,0,0.03690036900369,0.003690036900369,0.134615384615385,0.123626373626374,0,0.0137362637362637,0.0192307692307692,0.128378378378378,0.0585585585585586,0.0112612612612613,0.00225225225225225,0.00675675675675676,0.115819209039548,0.0141242937853107,0.00564971751412429,0.00282485875706215,0
"Yes",0.0649350649350649,0,0,0,0,0.00396825396825397,0.00396825396825397,0,0.00264550264550265,0,0.0346020761245675,0.00346020761245675,0.00346020761245675,0.0207612456747405,0,0.0684039087947883,0.00325732899022801,0,0,0.00325732899022801,0.033210332103321,0,0,0.003690036900369,0,0.0604395604395604,0.0412087912087912,0,0.00549450549450549,0.010989010989011,0.0382882882882883,0.0045045045045045,0.0045045045045045,0.0045045045045045,0,0.0649717514124294,0.0141242937853107,0.00282485875706215,0,0
